枠名,song_id,補足情報,歌唱順,配信日,枠URL,コラボ相手様,キー
【 #初配信 】貴方に出会いに来ました。ディアです🐦‍⬛🥀【Diα / RK Music】#Diα初配信,S0756,,1,2026-02-22,https://www.youtube.com/live/kmBY_rDnU0o?t=98,なし,
【 #初配信 】貴方に出会いに来ました。ディアです🐦‍⬛🥀【Diα / RK Music】#Diα初配信,S0757,,2,2026-02-22,https://www.youtube.com/live/kmBY_rDnU0o?t=321,なし,
【 #初配信 】貴方に出会いに来ました。ディアです🐦‍⬛🥀【Diα / RK Music】#Diα初配信,S0758,,3,2026-02-22,https://www.youtube.com/live/kmBY_rDnU0o?t=640,なし,
【 #初配信 】貴方に出会いに来ました。ディアです🐦‍⬛🥀【Diα / RK Music】#Diα初配信,S0017,,4,2026-02-22,https://www.youtube.com/live/kmBY_rDnU0o?t=873,なし,
【 #初配信 】貴方に出会いに来ました。ディアです🐦‍⬛🥀【Diα / RK Music】#Diα初配信,S0758,,5,2026-02-22,https://www.youtube.com/live/kmBY_rDnU0o?t=1523,なし,
【 #歌枠 / #karaoke 】やっとメンシプ解放～！！！ #ディア受信中【Diα / RK Music】,S0048,,1,2026-04-01,https://www.youtube.com/live/f9wh9lJLwLY?t=230,なし,
【 #歌枠 / #karaoke 】やっとメンシプ解放～！！！ #ディア受信中【Diα / RK Music】,S0222,,2,2026-04-01,https://www.youtube.com/live/f9wh9lJLwLY?t=2335,なし,
【 #歌枠 / #karaoke 】やっとメンシプ解放～！！！ #ディア受信中【Diα / RK Music】,S0076,,3,2026-04-01,https://www.youtube.com/live/f9wh9lJLwLY?t=2605,なし,
【 #歌枠 / #karaoke 】やっとメンシプ解放～！！！ #ディア受信中【Diα / RK Music】,S0251,,4,2026-04-01,https://www.youtube.com/live/f9wh9lJLwLY?t=3309,なし,
【 #歌枠 / #karaoke 】やっとメンシプ解放～！！！ #ディア受信中【Diα / RK Music】,S0759,,5,2026-04-01,https://www.youtube.com/live/f9wh9lJLwLY?t=3623,なし,
【 #歌枠 / #karaoke 】やっとメンシプ解放～！！！ #ディア受信中【Diα / RK Music】,S0336,,6,2026-04-01,https://www.youtube.com/live/f9wh9lJLwLY?t=3842,なし,
【 #歌枠 / #karaoke 】やっとメンシプ解放～！！！ #ディア受信中【Diα / RK Music】,S0760,,7,2026-04-01,https://www.youtube.com/live/f9wh9lJLwLY?t=4231,なし,
【 #歌枠 / #karaoke 】やっとメンシプ解放～！！！ #ディア受信中【Diα / RK Music】,S0761,,8,2026-04-01,https://www.youtube.com/live/f9wh9lJLwLY?t=4377,なし,
【 #歌枠 / #karaoke 】やっとメンシプ解放～！！！ #ディア受信中【Diα / RK Music】,S0724,,9,2026-04-01,https://www.youtube.com/live/f9wh9lJLwLY?t=4818,なし,
【 #歌枠 / #karaoke 】やっとメンシプ解放～！！！ #ディア受信中【Diα / RK Music】,S0348,,10,2026-04-01,https://www.youtube.com/live/f9wh9lJLwLY?t=5997,なし,
【 #歌枠 / #karaoke 】やっとメンシプ解放～！！！ #ディア受信中【Diα / RK Music】,S0762,,11,2026-04-01,https://www.youtube.com/live/f9wh9lJLwLY?t=6296,なし,
【 #歌枠 / #karaoke 】やっとメンシプ解放～！！！ #ディア受信中【Diα / RK Music】,S0763,,12,2026-04-01,https://www.youtube.com/live/f9wh9lJLwLY?t=6687,なし,
【 #歌枠 / #karaoke 】やっとメンシプ解放～！！！ #ディア受信中【Diα / RK Music】,S0764,,13,2026-04-01,https://www.youtube.com/live/f9wh9lJLwLY?t=6816,なし,
【 #歌枠 / #karaoke 】やっとメンシプ解放～！！！ #ディア受信中【Diα / RK Music】,S0252,,14,2026-04-01,https://www.youtube.com/live/f9wh9lJLwLY?t=7025,なし,
【 #歌枠 / #karaoke 】やっとメンシプ解放～！！！ #ディア受信中【Diα / RK Music】,S0418,,15,2026-04-01,https://www.youtube.com/live/f9wh9lJLwLY?t=7596,なし,
【 #歌枠 / #karaoke 】やっとメンシプ解放～！！！ #ディア受信中【Diα / RK Music】,S0765,,16,2026-04-01,https://www.youtube.com/live/f9wh9lJLwLY?t=8058,なし,
【 #歌枠 / #karaoke 】やっとメンシプ解放～！！！ #ディア受信中【Diα / RK Music】,S0766,,17,2026-04-01,https://www.youtube.com/live/f9wh9lJLwLY?t=8264,なし,
【 #歌枠 / #karaoke 】やっとメンシプ解放～！！！ #ディア受信中【Diα / RK Music】,S0139,,18,2026-04-01,https://www.youtube.com/live/f9wh9lJLwLY?t=8534,なし,
【 #歌枠 / #karaoke 】やっとメンシプ解放～！！！ #ディア受信中【Diα / RK Music】,S0128,,19,2026-04-01,https://www.youtube.com/live/f9wh9lJLwLY?t=8777,なし,
【 #歌枠 / #karaoke 】やっとメンシプ解放～！！！ #ディア受信中【Diα / RK Music】,S0758,,20,2026-04-01,https://www.youtube.com/live/f9wh9lJLwLY?t=9584,なし,
【 #RKMusic歌枠リレー 】RKの皆様と貴方たちと!!!でぃあ参ります🥀 #ディア受信中【Diα / RK Music】,S0758,,1,2026-04-05,https://www.youtube.com/live/oBAmEXovsv0?t=47,なし,
【 #RKMusic歌枠リレー 】RKの皆様と貴方たちと!!!でぃあ参ります🥀 #ディア受信中【Diα / RK Music】,S0767,,2,2026-04-05,https://www.youtube.com/live/oBAmEXovsv0?t=326,なし,
【 #RKMusic歌枠リレー 】RKの皆様と貴方たちと!!!でぃあ参ります🥀 #ディア受信中【Diα / RK Music】,S0768,,3,2026-04-05,https://www.youtube.com/live/oBAmEXovsv0?t=515,なし,
【 #RKMusic歌枠リレー 】RKの皆様と貴方たちと!!!でぃあ参ります🥀 #ディア受信中【Diα / RK Music】,S0769,,4,2026-04-05,https://www.youtube.com/live/oBAmEXovsv0?t=1113,なし,
【 #RKMusic歌枠リレー 】RKの皆様と貴方たちと!!!でぃあ参ります🥀 #ディア受信中【Diα / RK Music】,S0778,,5,2026-04-05,https://www.youtube.com/live/oBAmEXovsv0?t=1464,なし,
【 #歌枠 / #karaoke 】ヨルシカ曲縛りで歌いますよ～ #ディア受信中【Diα / RK Music】,S0157,,1,2026-04-07,https://www.youtube.com/live/83L0G9GbYKA?t=183,なし,
【 #歌枠 / #karaoke 】ヨルシカ曲縛りで歌いますよ～ #ディア受信中【Diα / RK Music】,S0160,,2,2026-04-07,https://www.youtube.com/live/83L0G9GbYKA?t=431,なし,
【 #歌枠 / #karaoke 】ヨルシカ曲縛りで歌いますよ～ #ディア受信中【Diα / RK Music】,S0785,,3,2026-04-07,https://www.youtube.com/live/83L0G9GbYKA?t=915,なし,
【 #歌枠 / #karaoke 】ヨルシカ曲縛りで歌いますよ～ #ディア受信中【Diα / RK Music】,S0164,,4,2026-04-07,https://www.youtube.com/live/83L0G9GbYKA?t=1236,なし,
【 #歌枠 / #karaoke 】ヨルシカ曲縛りで歌いますよ～ #ディア受信中【Diα / RK Music】,S0005,,5,2026-04-07,https://www.youtube.com/live/83L0G9GbYKA?t=1776,なし,
【 #歌枠 / #karaoke 】ヨルシカ曲縛りで歌いますよ～ #ディア受信中【Diα / RK Music】,S0007,,6,2026-04-07,https://www.youtube.com/live/83L0G9GbYKA?t=2070,なし,
【 #歌枠 / #karaoke 】ヨルシカ曲縛りで歌いますよ～ #ディア受信中【Diα / RK Music】,S0414,,7,2026-04-07,https://www.youtube.com/live/83L0G9GbYKA?t=2583,なし,
【 #歌枠 / #karaoke 】ヨルシカ曲縛りで歌いますよ～ #ディア受信中【Diα / RK Music】,S0786,,8,2026-04-07,https://www.youtube.com/live/83L0G9GbYKA?t=2831,なし,
【 #歌枠 / #karaoke 】ヨルシカ曲縛りで歌いますよ～ #ディア受信中【Diα / RK Music】,S0386,,9,2026-04-07,https://www.youtube.com/live/83L0G9GbYKA?t=3374,なし,
【 #歌枠 / #karaoke 】ヨルシカ曲縛りで歌いますよ～ #ディア受信中【Diα / RK Music】,S0066,,10,2026-04-07,https://www.youtube.com/live/83L0G9GbYKA?t=3652,なし,
【 #歌枠 / #karaoke 】ヨルシカ曲縛りで歌いますよ～ #ディア受信中【Diα / RK Music】,S0050,,11,2026-04-07,https://www.youtube.com/live/83L0G9GbYKA?t=3925,なし,
【 #歌枠 / #karaoke 】ヨルシカ曲縛りで歌いますよ～ #ディア受信中【Diα / RK Music】,S0371,,12,2026-04-07,https://www.youtube.com/live/83L0G9GbYKA?t=4496,なし,
【 #歌枠 / #karaoke 】ヨルシカ曲縛りで歌いますよ～ #ディア受信中【Diα / RK Music】,S0439,,13,2026-04-07,https://www.youtube.com/live/83L0G9GbYKA?t=4800,なし,
【 #歌枠 / #karaoke 】ヨルシカ曲縛りで歌いますよ～ #ディア受信中【Diα / RK Music】,S0694,,14,2026-04-07,https://www.youtube.com/live/83L0G9GbYKA?t=5237,なし,
【 #歌枠 / #karaoke 】ヨルシカ曲縛りで歌いますよ～ #ディア受信中【Diα / RK Music】,S0192,,15,2026-04-07,https://www.youtube.com/live/83L0G9GbYKA?t=5507,なし,
【 #歌枠 / #karaoke 】ヨルシカ曲縛りで歌いますよ～ #ディア受信中【Diα / RK Music】,S0220,,16,2026-04-07,https://www.youtube.com/live/83L0G9GbYKA?t=6122,なし,
【 #歌枠 / #karaoke 】ヨルシカ曲縛りで歌いますよ～ #ディア受信中【Diα / RK Music】,S0043,,17,2026-04-07,https://www.youtube.com/live/83L0G9GbYKA?t=6430,なし,
【 #歌枠 / #karaoke 】ヨルシカ曲縛りで歌いますよ～ #ディア受信中【Diα / RK Music】,S0058,,18,2026-04-07,https://www.youtube.com/live/83L0G9GbYKA?t=7352,なし,